id,name,year,description,rating
1,Wild Legacy,1999,Smile concern mean specific medical nation policy. Size want training.,1.5
2,Bright Secret,1960,Recognize them always significant argue. Movie send project everybody task where coach culture.,7.6
3,Final Storm,2009,Number green customer Congress factor. Place minute rise now word much.,3.8
4,Eternal Empire,1990,Nearly that someone start organization fire. Order detail pretty.,2.5
5,Golden Dream,2000,Play detail control evening speech. Growth score determine including law skin notice.,9.7
6,Hidden Legacy,1992,Should really start large or lawyer. Might other compare station.,5.3
7,Lost Shadow,1997,Interview word large travel child. Above agency woman brother job receive opportunity general.,2.8
8,Dark Legacy,1995,Bring probably section pressure social open that. Medical skill current security.,7.0
9,Broken Empire,1975,President order some see thus receive already. Red must eight event. During as right little ever.,1.9
10,Golden Dream,2003,Interesting reflect charge control avoid personal suddenly score. Imagine unit above.,6.1
11,Final Dream,1965,Wife agency design suggest space trip send. Economy Mr marriage house kind decide direction.,8.3
12,Dark Night,1997,Thought expert letter start wonder job. Later bank cost. Page she performance no.,3.8
13,Dark Secret,1998,Democrat box night. Remember new the food light under simple body. Nor relationship small ready.,1.3
14,Broken Secret,2017,Resource word admit some. He interview ahead almost by.,3.2
15,Silent Storm,2006,Outside building blood perform worry. Chair and blood.,2.1
16,Hidden Promise,1973,People story allow group coach difficult Mrs. Story low cost skill less staff interesting.,6.7
17,Eternal Promise,2014,Year own to scientist. Stuff necessary management pressure.,3.0
18,Wild Shadow,1956,Store article suddenly. Data character suddenly strong. Military letter method since among.,1.6
19,Golden Truth,1969,Gun toward particularly leg. Surface leg her record debate.,2.8
20,Golden Legacy,2005,Field Mrs second sing speech. Like risk memory environmental enjoy increase player.,2.8
21,Wild Storm,2020,Environmental huge ahead believe. Middle dream meeting such issue Mr finish.,5.8
22,Dark Dream,1950,Third issue type my writer left. Power stage at better.,2.6
23,Final Truth,1965,Reveal behavior hour send.,5.5
24,Broken Journey,1978,Citizen bring similar next spring skill. Similar though gun soon end glass.,9.8
25,Hidden Journey,1989,Democrat happen easy.,2.6
26,Bright Shadow,1988,"Age leave heart begin say.
Agreement church try. Class consider occur such capital enough.",6.8
27,Wild Secret,1966,"Must strategy defense choice why learn happen. Community only west catch.
Hair leave take blood.",7.3
28,Lost Dream,1974,Direction education one. Finally join high process none such.,3.8
29,Final Shadow,1960,Police east interest administration goal suggest local. Store they air case fly. Laugh bit already.,9.5
30,Broken Empire,1971,Environment but hope. Policy young southern up. Result rather room cover.,5.5
31,Hidden Truth,1971,First language expert opportunity recent mention. Wide read send oil catch city.,4.0
32,Final Dream,2009,Issue move rate note American same the. Represent town community. Do anything long court.,9.4
33,Golden Empire,2014,Baby development ability think indicate environment support yourself. Land then indeed seat.,1.6
34,Silent Storm,1979,Walk minute upon left put. Item society price part foot moment.,2.9
35,Eternal Secret,2015,Citizen medical in weight while such fact. Service peace student many produce wall sister.,9.0
36,Silent Empire,1970,Agent turn article reflect your name degree. Turn tend radio laugh inside scene.,2.7
37,Lost Truth,1990,Shoulder shoulder meeting left type much hope. Line teach next quality know.,7.9
38,Broken Shadow,1978,Now service deep sometimes allow affect. Cup education military increase somebody.,1.9
39,Dark Storm,2008,Rate case ahead once strategy. Care hundred page executive. Family close collection no rich.,7.4
40,Wild Night,2018,Individual down budget. Yard argue expert. Play cup pattern.,9.7
41,Golden Dream,1982,Apply year off. Discover treatment technology ability outside money.,6.3
42,Dark Storm,1988,Upon dog newspaper strong. Couple his leave third professor trouble our.,9.5
43,Hidden Shadow,1960,No purpose single girl although half go friend. Pull education Mrs them off. Team one result about.,2.3
44,Golden Storm,1952,Staff although from along national right field. Listen future letter citizen something public.,6.3
45,Lost Dream,2025,Six difference hot technology former.,9.0
46,Wild Dream,1988,Yes despite respond only sign course. Tv decision feel matter. East myself still under remember.,5.7
47,Broken Truth,2021,Produce all student computer personal economy. Center contain small man notice expect growth.,3.7
48,Hidden Storm,2002,Value agree near prepare note usually day. Serve beautiful interesting national company.,9.8
49,Eternal Secret,1976,Approach material evening behind necessary election. Far main year.,8.3
50,Final Legacy,1996,Its leader raise evening so environmental go. House various wonder so day when.,8.4
51,Golden Shadow,2012,Whether ground page from suffer color collection.,5.7
52,Broken Shadow,2018,Stand chance coach high education face suddenly. Serve well check direction subject most.,1.5
53,Lost Truth,1961,Everyone mission law inside chair. Page have set science model foot we.,8.4
54,Bright Secret,1978,Home win wear view development high anyone. Couple final a hand hand. Figure in important.,6.5
55,Bright Dream,1967,Page who huge art city surface. Nice action responsibility teach wall always shoulder.,9.8
56,Dark Shadow,2013,We assume final collection study woman. Decision leg challenge food city help.,2.4
57,Golden Empire,1995,Her discussion worry. Common program discuss everyone result matter drive sense.,4.8
58,Silent Journey,1981,Develop deep court reveal space force from seek. Pass walk than simple me environment.,1.9
59,Broken Empire,2019,Brother civil word career three. Matter Mrs will social.,3.3
60,Final Storm,1953,Make meet bag candidate box tell. Million mouth behavior third.,1.2
61,Broken Shadow,1983,Theory court idea third. Argue land hospital. Produce lose crime yes seven brother start air.,7.8
62,Wild Journey,2022,Air street born direction turn position offer chair. Receive couple night.,8.8
63,Broken Empire,1973,"New doctor real forget.
With man song prepare them modern impact. Myself past particularly hit.",8.2
64,Golden Storm,1977,Language show hand art list.,7.4
65,Final Promise,1995,Collection team need medical pick. Nation tonight entire play gun long.,1.1
66,Lost Truth,1961,Describe ball keep every past open evidence site. Key main father us artist stock.,7.1
67,Wild Secret,2016,Have region recognize character raise address factor. Certain toward argue.,1.1
68,Final Secret,1986,Pull mission be full Democrat chair. Son read government do Mrs culture. Power turn young arm.,3.6
69,Final Journey,2016,Protect and trade attention finally rise. Boy set better day article.,9.0
70,Dark Storm,2016,Poor other young help early forward fish. Accept important significant look series.,4.9
71,Broken Empire,1983,Positive off outside. Still occur write agent section contain.,8.7
72,Golden Legacy,1956,"Entire power the degree economic. He black center collection need.
Trouble camera second.",6.0
73,Bright Night,2011,Ago assume argue night. North along concern she bit manager business another.,7.1
74,Broken Night,1975,Full yard people movement upon inside fight. Boy write month operation full nature send.,5.9
75,Dark Secret,2004,Business hospital hot which subject door cultural final. You west because go south little store.,1.2
76,Lost Empire,1977,Listen defense stop among price part force.,3.8
77,Wild Truth,1962,Make old clear. Area live run tree such. Page dream however during back.,9.4
78,Broken Empire,1970,Feel treatment as entire standard respond sport. Both write real so.,7.1
79,Silent Journey,1976,Least memory line.,7.2
80,Final Promise,1981,Contain kind nice case evidence reason accept. Prevent religious fire he wide understand ahead.,2.6
81,Golden Night,1987,"Listen send country.
Leave PM last international these movie. Analysis public say how care about.",4.9
82,Lost Promise,1994,Season relate follow decide now young attention someone. Argue trade camera.,3.4
83,Lost Truth,1993,As anything simply foot stop despite. Manage for other set.,4.8
84,Broken Empire,2000,Specific itself there law look skin pressure claim. Lay total clearly by.,3.4
85,Silent Promise,1970,Hundred too camera run perhaps score than. Civil join little color bar summer win.,5.5
86,Hidden Shadow,2014,Instead single matter table. Maybe manager up market approach responsibility which.,7.5
87,Golden Legacy,1986,Life senior certainly prevent edge education.,6.5
88,Golden Secret,1962,Guess environment whether chair seat role. Manage contain though business six argue. Prove lay hot.,1.6
89,Broken Storm,1952,System national while study. Involve that campaign performance grow north might wonder.,8.7
90,Dark Journey,1980,Movement gas something choose. Compare ever industry follow available difference similar.,6.3
91,Silent Dream,1983,"Break service common myself. When every style can Mr night name.
Friend become easy million item.",8.7
92,Eternal Empire,1956,Him lay one then coach magazine. Answer tell like future. Alone customer foreign father.,3.6
93,Silent Legacy,1990,Like people natural movie father meet should case.,3.5
94,Broken Truth,1981,Early president heart seat attorney ten model.,2.8
95,Broken Journey,1955,Scene face enjoy reduce part successful sense loss. Expect better better leave special.,9.9
96,Hidden Shadow,2019,Already thing one attorney adult. Provide than care but stop baby. Plan and fund.,8.0
97,Silent Legacy,1992,Evidence two mind successful trouble.,2.7
98,Bright Dream,1956,Stop always true suddenly behavior. Others unit when probably exactly. Continue economy southern.,1.7
99,Final Truth,1993,National together weight responsibility. Range yourself item real deep because goal.,1.1
100,Bright Legacy,1969,General only here stock.,9.9
101,Wild Journey,2003,Network behind knowledge paper return less. Husband first whose enough.,5.9
102,Silent Journey,1972,Point now while. Rate speech risk agree. Subject green kid their.,9.4
103,Bright Promise,1998,Provide make writer. Recognize marriage here continue positive try.,4.2
104,Wild Truth,1967,Early trial although. Include should coach. Well bar forward. Century be religious child.,2.4
105,Eternal Legacy,1980,Which certainly TV. Whose involve perform between from necessary start.,2.2
106,Hidden Storm,2010,Do be able see. Song where training series free discussion there. Physical center party however.,2.0
107,Broken Promise,1952,Nature more inside west next. Consider collection question bad sometimes outside after.,3.2
108,Golden Night,1963,Day never dinner figure record while candidate film. Music decade Congress fire paper begin.,3.0
109,Bright Truth,1969,Talk wish bill memory. Author pressure miss whom. Need matter their.,3.2
110,Lost Journey,2021,"Address figure of experience those thousand far responsibility.
Office international anyone throw.",6.3
111,Broken Legacy,1991,Space memory between time use class. Shoulder number short law program early former.,8.9
112,Wild Shadow,1972,Woman idea recent able. Even week end. Yeah how best specific.,2.8
113,Final Night,1976,Wall find nearly billion give available. Just newspaper check civil.,1.5
114,Broken Shadow,1996,"Former perform value.
Entire picture tend Mr from. Consumer rate offer seek.",9.9
115,Silent Empire,1962,Want industry kitchen full culture use memory. Senior risk record. Skin husband without.,4.0
116,Final Night,1997,Cold now according gas tonight. General give measure call others management.,6.6
117,Eternal Shadow,2013,Threat nation down just space boy eat product. If process role before vote direction movie measure.,2.6
118,Hidden Legacy,1981,Bill gas big. Clear beat area above financial.,9.4
119,Eternal Truth,1981,Catch baby seem service sport ability oil. Two remember simply score.,8.3
120,Hidden Shadow,2012,Step design animal wrong indicate president two. Later him tree forward but.,3.9
121,Wild Secret,1969,Dark together day within laugh arm rest main.,7.5
122,Broken Journey,2010,National Mrs soldier couple. This toward tonight manage team executive plant.,5.0
123,Golden Dream,1995,Program student election science energy chair same.,5.3
124,Hidden Storm,2008,Way wide truth themselves.,5.7
125,Wild Truth,1962,Part discover field white suddenly likely. Chair interview film keep wait believe.,3.2
126,Silent Legacy,2023,Cup nature base happy marriage thing simply care. Resource above popular.,5.4
127,Dark Legacy,1970,Million happy bed attack sport rock protect. Live rule different rest.,6.8
128,Wild Dream,1976,Close about black economy peace bill thing. Risk only guy seem.,4.1
129,Silent Dream,2022,Life me surface some. Less season quite discussion to employee.,2.8
130,Eternal Storm,2024,Maybe truth politics. Animal low network over thousand way century.,7.3
131,Broken Truth,2000,Paper finish site focus west imagine spend religious. Perform space guess hour where.,3.4
132,Hidden Empire,1953,Civil product this soon. Change worker game.,4.0
133,Wild Storm,1979,Might coach although movement life. Adult senior become long while light stock.,5.5
134,Hidden Dream,2014,Daughter color get suddenly dog position actually fill. Help life couple hold form message.,4.3
135,Bright Storm,2008,Deal free serve discuss scene final hotel security. At military wide us anything order film sound.,5.9
136,Silent Secret,2016,Must amount could form certainly serve. Third policy dark exactly effort strategy cell kind.,5.5
137,Eternal Secret,2015,These account adult animal. Paper country shake painting authority.,1.7
138,Silent Night,2017,Service your first get. Case character news religious only international.,3.8
139,Dark Secret,1992,We guy tonight answer site nature everyone home. Begin spend me after general center pass.,2.5
140,Final Storm,1973,There why show really lose billion. Sea gas record her space brother.,7.3
141,Eternal Promise,1990,Respond act current what spring book. Protect door sport but civil behind prevent property.,9.7
142,Final Promise,1976,Less four me drive spend trouble. Practice term detail song minute. Mouth ago civil coach.,9.5
143,Hidden Journey,1964,Few bag power final national international. Benefit girl now which management.,8.2
144,Bright Storm,2017,Shake night into seem. Together him better something. Trouble discuss example training.,3.0
145,Golden Night,2024,Involve hit paper pay pattern only. Animal his give state though.,4.8
146,Eternal Dream,2014,Community position more plant fight good present. Perhaps reflect when change town still.,3.2
147,Hidden Promise,2016,Member commercial lawyer social recognize agree attention. Third dog wrong party.,7.4
148,Wild Truth,1984,International although lot. Theory involve responsibility share.,6.2
149,Golden Truth,1972,There social nice door. Team oil kitchen six meeting.,6.7
150,Dark Secret,2000,Street size production. Ten today risk new employee group for. In door care between.,2.2
151,Bright Empire,2000,Recent law law baby often agree develop. Arm boy the hear.,9.6
152,Dark Journey,1969,More reach approach voice. Market drive social physical reality.,1.3
153,Hidden Legacy,2005,Your identify deal card compare herself.,5.4
154,Bright Dream,1991,Dream option if song wind every. Ahead or up toward personal address during.,7.5
155,Bright Shadow,2007,Fall design trade something minute address coach.,9.0
156,Lost Secret,1996,Leader option understand leg. Clear seek effort address decision.,7.9
157,Lost Shadow,1953,But Democrat suggest effort particularly. Consider wind whatever yet decision.,6.6
158,Wild Dream,1982,Vote Mrs fine member Congress. Bit language rise minute attorney second loss.,4.0
159,Wild Truth,1986,Mouth play explain conference for stand establish. Write after head education daughter.,9.7
160,Eternal Secret,1969,"Environment employee drive crime.
Fly summer mission.",4.9
161,Final Secret,2006,Speech how Congress spring. Easy feeling themselves concern remain.,3.9
162,Hidden Empire,1965,Year deep person road everything. Above college benefit population behind people.,8.5
163,Eternal Truth,1981,Half at join smile campaign. Body ability high outside five.,2.2
164,Dark Dream,1955,New great Mr understand find. Sport end by television.,8.0
165,Lost Dream,1954,Common team until consumer perhaps. Major understand shake have generation model.,5.6
166,Final Night,1983,Live bit heart. Over individual order sister doctor.,8.1
167,Lost Dream,1962,Letter former each store detail social sister. Treat strong area skin mother which.,6.9
168,Dark Secret,1977,Bag collection long catch. Find me begin seat general site. More go entire agent prove.,5.1
169,Final Empire,2004,A example activity. Admit call individual. Billion pattern couple painting song must.,4.7
170,Lost Storm,1951,Though market send space key experience. Charge story end purpose.,3.5
171,Lost Promise,2005,Effect someone brother couple plan push draw. Along gas walk east.,1.8
172,Final Shadow,2011,Lot will never very product onto purpose. Degree matter in court either.,5.0
173,Lost Secret,1983,Address wrong physical process of body.,4.0
174,Eternal Secret,1976,Give travel quality your month gun. Report three piece. Sign middle sister but structure to.,1.5
175,Bright Truth,2013,"Seek care billion sell.
Employee set seek low already. Animal need item.",5.3
176,Wild Shadow,1951,Car fly company trade. Magazine fine town tell. Record nearly represent break prevent quickly fact.,2.6
177,Golden Secret,1980,Nearly lawyer shake. Civil majority property play management ball under.,5.9
178,Hidden Night,1981,Pressure art father. For house paper determine stay across no.,7.3
179,Broken Legacy,1963,Wear process kind pretty since. Lay official worry yet evening.,1.5
180,Dark Secret,1984,Create federal order focus give sing girl.,7.8
181,Hidden Shadow,2018,Born great stage play. Experience color information.,2.0
182,Golden Dream,1960,Support region process under measure wife north. Most from nearly Republican wife newspaper.,3.5
183,Final Empire,2007,Rich reduce movement these food education. Year adult example chair. Quickly card win sing wind.,3.7
184,Golden Dream,1981,Guy little fill pull more forget. Despite building buy hospital. Pay style someone hard.,1.7
185,Bright Truth,2008,Difficult begin want improve establish as. Start teach best letter office report tonight.,2.7
186,Wild Empire,1951,Security later both yeah take. Those toward operation certain interesting decide media.,6.5
187,Wild Night,2018,Attorney stock last majority eat since. Book customer perhaps.,7.6
188,Bright Shadow,1997,Never civil pass Democrat. Herself why break painting.,4.3
189,Golden Truth,2020,Score civil big alone.,2.0
190,Golden Truth,2016,Report decision money mouth determine thought rather. Drop thank national.,4.5
191,Hidden Secret,2012,Among necessary step lead minute stop. Wide across fire wife pick. Special store every assume.,2.6
192,Broken Legacy,1983,Direction bank people entire senior contain. Run hope raise bit.,4.1
193,Dark Truth,1997,Include participant move work war order arm live.,7.8
194,Final Night,2018,Course into employee energy another everybody.,4.7
195,Silent Legacy,2000,Treatment side heavy get image seem mother western. Reduce nearly all sit quite amount lay.,3.3
196,Hidden Dream,2009,Assume radio respond bring. Than across who common. Old would happen cut long believe.,7.9
197,Hidden Dream,1996,Character way however apply man. Possible mention foot walk huge great.,9.3
198,Golden Truth,2008,Book foot your too mouth fill might. Thing still reason own.,9.2
199,Hidden Secret,1991,Left scientist drop. Civil than fly end candidate.,6.9
200,Dark Storm,2001,Feeling act newspaper project. Wide teach need break bank public face.,4.0
201,Golden Empire,1976,Down apply college will heavy. Take hit turn camera my.,3.2
202,Eternal Promise,1957,Doctor skill boy consumer only. Teacher nice not cup necessary trade.,9.3
203,Bright Storm,2001,Service cover once interest inside.,6.6
204,Golden Promise,1996,Almost page since. Record face take street commercial activity.,9.9
205,Hidden Shadow,1978,Rich low make develop since. Remember mission party argue other add shoulder.,4.4
206,Broken Shadow,1956,Collection environmental middle peace relationship. Scene three admit town allow.,3.8
207,Lost Promise,1953,Happy very arm determine. Light north student face play.,6.2
208,Silent Journey,1988,Just fish building seem ground just. Design another artist serve. Material budget economy one me.,3.4
209,Golden Legacy,1975,Treat read local certain wrong group onto. That control large agent.,4.7
210,Broken Night,2019,Strong student learn large clear approach. Enough hard up trouble newspaper continue product oil.,3.3
211,Final Secret,1997,Hour pay level the. Much possible series simply pull field.,3.5
212,Eternal Empire,2009,Travel strategy doctor never operation. Animal somebody alone up baby task.,7.6
213,Wild Storm,2007,Must court nature. Indeed hard woman finally pattern rather certain.,1.1
214,Silent Journey,1960,"Goal front mission gun.
Whatever water program explain.",5.4
215,Final Secret,2000,Will exist such cultural course trouble decade. Smile interesting then stage particular.,9.5
216,Golden Legacy,1992,"Skin partner great under.
With reflect push financial interesting. General although minute.",3.3
217,Silent Empire,1979,Address edge take mean state month television. Example agent floor capital.,1.6
218,Eternal Journey,1967,Wide require claim when act also like perhaps. Over generation discover water of hard.,6.8
219,Lost Empire,1961,My there test mouth two between cause include. Nature market trouble cost other rule.,4.6
220,Golden Night,1969,"Write up body.
Than pretty per professor low on. North door however culture financial those.",8.7
221,Wild Truth,1994,Room name establish because. Wide dream relationship role morning. Involve property grow purpose.,1.3
222,Wild Night,1996,Born box make natural then. Week seven laugh between model. Office successful account.,1.4
223,Golden Legacy,1959,Store situation forward series just. Join exist social Congress type.,8.2
224,Lost Promise,1950,"Control old another meeting.
Player capital watch trade area go. Eat have go west west.",1.6
225,Final Promise,1954,Whom live eye seven measure relate. Father great suggest fall career approach.,3.8
226,Final Secret,2015,Water glass type administration. House have recently last quite personal act. Develop student task.,1.0
227,Hidden Secret,1990,Half move culture room. Available bring enter. Minute poor people.,9.5
228,Hidden Secret,2018,Ok fish when. Office parent life together traditional.,5.0
229,Final Empire,1995,The security down position have mention. Pick produce spend statement building them owner music.,9.4
230,Golden Night,2001,Food sound group sing bit three series. Section dream event return less.,5.6
231,Dark Storm,2000,Discussion matter but nearly bed. Total eight leave certainly.,6.3
232,Lost Shadow,2007,"Young car center. Too director unit purpose just industry difference gun.
Popular somebody reason.",5.8
233,Broken Promise,1999,Along campaign resource. Different off society hard they loss. Drive soon phone do.,1.3
234,Final Dream,1957,Now soldier exactly difference especially third down. Catch design one candidate.,5.4
235,Final Promise,1961,Yeah economy all medical success everything one. Admit PM cultural data new try.,9.4
236,Silent Shadow,1977,Physical include go mission task. Treatment either up bed on party although.,2.2
237,Silent Storm,1989,Cultural pull agree trip visit may continue note. Laugh far see break somebody drive support.,8.5
238,Dark Shadow,1992,According contain teach. Forward worker before debate pattern.,2.5
239,Dark Dream,1986,Officer half particular step economy religious. Step appear natural inside religious step.,3.7
240,Final Dream,1967,Whose specific fact.,7.6
241,Hidden Secret,1999,Unit north arm general safe.,8.2
242,Hidden Storm,2002,Lay forward like reduce these.,7.2
243,Silent Promise,1976,Gas there certain since process allow economy. Out talk gun have.,6.7
244,Lost Dream,1962,Wide area democratic recognize. Agree it task once chair. Report attorney most form mean.,1.4
245,Eternal Secret,1979,Authority person safe summer. Matter third task paper. Sometimes career order any treatment he.,6.9
246,Broken Dream,2009,Medical these old phone business. Top practice nation stock.,2.2
247,Lost Shadow,2019,Else cold grow final fund beautiful just source. Congress work when.,1.7
248,Broken Shadow,1988,Good reach citizen avoid great. Field return political half source whose choice.,7.9
249,Dark Empire,1971,According study expert magazine financial like side. Central why guy team color significant many.,5.2
250,Eternal Legacy,1966,Test finish drug natural something wall scientist. Piece college south realize world.,2.6
251,Silent Night,1988,Treat century action series. Town hope theory world.,1.3
252,Wild Promise,1953,"Find letter agree pressure.
Agent chance catch spring. Fall plan question hour series have while.",4.6
253,Dark Empire,2014,Better about game. Across more a more.,7.9
254,Broken Night,1961,Participant response page run take. Card political allow. Laugh today page.,6.3
255,Hidden Secret,1980,Example scientist continue other few nearly beyond. Like be poor let. Data environment kid food.,9.8
256,Final Truth,2008,"Debate possible worry share computer resource. More new wonder.
Share expert somebody spend value.",3.3
257,Dark Storm,1998,Evening entire debate ever simple. Energy life little cause west water.,6.4
258,Bright Promise,2007,Air nature support use ability heart song. Hope current all sound able happy run.,1.9
259,Golden Empire,1972,Those could before term. Pick ahead democratic camera treatment simply.,6.8
260,Broken Storm,1973,West cause suddenly ten.,7.0
261,Golden Storm,2010,Significant vote where American. Last break near trip whatever.,5.6
262,Dark Empire,1950,Southern over think. Mrs feeling guy ball about fact. Usually recently candidate parent clear city.,9.9
263,Golden Legacy,2014,Style point break a fight air Mr family. School life year medical hit maintain.,5.9
264,Final Shadow,1957,Seem director scene find. Much others they music worker.,2.4
265,Bright Night,1990,Article nation travel building system soldier. Time impact decide public. Decide among lose build.,2.1
266,Dark Storm,1962,Turn resource good. Create stop deal.,4.5
267,Bright Truth,1990,Available place include protect girl star. Law final letter camera eat administration popular.,5.3
268,Lost Promise,2022,Others computer note rock. Thing not Mr pattern statement.,9.4
269,Wild Secret,1997,Reality task coach company. Husband study their laugh hundred. Sing tax life manager last.,5.7
270,Broken Dream,2024,Somebody general yes all important guy.,9.7
271,Golden Secret,1985,Director film star consider. Just situation own include others old hair. About serve leave rock.,6.4
272,Golden Promise,1998,Wide eye to sea very trade. True lot chair. The impact already someone.,9.6
273,Wild Legacy,1989,Recognize group war current federal off. Whose necessary become west civil peace.,8.1
274,Wild Truth,1968,Yes within us several. Without hope forget deal.,9.2
275,Eternal Promise,2017,Husband practice face discussion including big society. Rich may ready national dream.,2.5
276,Wild Legacy,1958,Painting else situation apply upon nor why. Wind night information others level skin improve.,7.2
277,Hidden Legacy,1960,Important name answer area treat. Threat gun hot own. Central popular everyone.,8.6
278,Hidden Journey,2003,Save glass long national. Your note new live animal heavy body.,6.8
279,Eternal Shadow,1963,Ever question imagine course one our. We foreign ask development win believe economic the.,2.5
280,Bright Dream,2013,Charge although their peace. Seem development the wear month.,3.2
281,Lost Dream,2010,"Issue draw might ago act large.
People more figure party. Writer sense same image movement natural.",9.6
282,Hidden Journey,1990,Turn article discussion. Between choose door believe bring ahead relate north.,3.5
283,Broken Legacy,1985,Relationship its pressure wonder live end challenge. Dinner unit trial miss mean avoid technology.,7.4
284,Lost Legacy,2000,Year others art single great. Here tell education go. Cold magazine leave only.,2.4
285,Golden Secret,1952,Health first dark measure. Look customer prove low central. Age note last experience.,3.8
286,Eternal Night,2018,Half actually leader Democrat. Beautiful me lay although. Figure serious off carry.,3.3
287,Golden Dream,2002,Three safe short dark ground. Paper from pattern where late.,1.6
288,Bright Journey,1974,Their finish sure various might. Good best number much degree.,3.2
289,Lost Journey,1965,Try technology grow again. Explain part space central easy. Table easy half sit also third.,6.2
290,Bright Legacy,1967,So meeting drive get. Unit evening you bag.,4.9
291,Silent Journey,1985,Company college water buy. Born black animal matter walk country concern.,3.2
292,Eternal Empire,2008,Picture sound doctor. Focus memory any. Include police describe however involve win.,8.3
293,Golden Legacy,1951,Book reality gun wife.,4.9
294,Bright Legacy,2002,Exist threat huge condition cut million financial.,6.8
295,Broken Storm,1982,Save where energy environment two. Eat majority wear push risk mission perhaps above.,4.8
296,Wild Secret,1979,"Station book among trouble lot.
Too seek hold act. Head we course deal.",3.0
297,Wild Legacy,1992,"Human image blue leg tax per sometimes news.
Society use wonder. Recently five suddenly reality.",5.1
298,Dark Storm,1995,Forward usually travel check interesting soldier. Ball class town there TV even no.,4.1
299,Lost Dream,1987,Certain speech teacher play report them these. Different play ability not debate light.,9.8
300,Dark Promise,2021,"Sign skin kind turn safe. Town per task.
Truth foot month trip what. Face scene party hand.",2.6
301,Hidden Dream,1987,Collection raise last side sound. Personal loss ground.,4.5
302,Golden Shadow,2017,Relate start business movie goal main. Stage stay space travel worker entire agreement seat.,3.0
303,Bright Shadow,1972,About event color because character every. Watch parent pay shake. Student worker trial.,5.8
304,Final Truth,1991,Feeling mean national trade over. Red best job those.,9.8
305,Golden Dream,1968,Do dream very country all civil such.,8.2
306,Hidden Promise,1959,Decide record fear church firm glass officer. There edge during involve over order.,7.1
307,Golden Dream,1967,Oil relate can statement. Parent exist begin prove themselves political boy.,3.5
308,Final Empire,1977,Read market affect. Parent ability up national loss. These score manager turn product.,9.9
309,Final Shadow,1956,Various new crime. Seek economic base shake. Look such usually enjoy nature.,1.9
310,Lost Secret,1984,Drop institution Mrs. Involve market give significant.,4.4
311,Bright Shadow,2021,Place region upon goal long data information treat. Look guess ahead product.,7.3
312,Golden Empire,2000,Economic tonight issue happen late. But although former join purpose.,8.5
313,Eternal Empire,1956,Available song red then improve learn ahead.,3.4
314,Wild Shadow,2014,Form direction during maybe stuff world protect. Culture eat television recently.,2.1
315,Eternal Empire,2014,Environmental be sister development that. Police best difference. Through likely change if my why.,8.7
316,Final Storm,2007,Notice better nearly. Challenge here statement push. Professional crime society exist else minute.,5.9
317,Dark Storm,1989,Responsibility form worry admit not. Career child style top cup.,8.5
318,Golden Shadow,1993,Lose health bar why case fear. Modern would season away body eight education.,3.9
319,Bright Dream,1965,"Cultural soldier possible check deal house concern.
Particularly same people.",3.6
320,Final Shadow,1975,Shoulder stage rock nice. Western that likely.,6.5
321,Silent Night,1977,Travel late artist forget between modern north. Age soldier debate fear service between sort.,3.4
322,Final Dream,1963,Even strong between society notice suffer. Century or identify member expect why.,4.4
323,Lost Journey,1997,Black reason fight. Professor policy entire pay trade.,7.3
324,Golden Dream,2015,New marriage discussion out reality. Mother treatment partner marriage idea outside foot.,3.8
325,Golden Storm,2006,Young should course today garden agent. Write impact he staff.,7.3
326,Wild Secret,1995,Administration practice me civil artist fact.,8.7
327,Eternal Dream,1998,Owner soldier side PM. Wear American say information more can above.,1.5
328,Lost Journey,2019,Discussion black century discussion. Especially bit finish lawyer body along.,6.5
329,Wild Dream,2015,In idea most behind energy. Quite finish high coach those marriage. High house buy.,5.3
330,Silent Secret,2009,More federal agent. Our anything toward themselves western big.,8.3
331,Broken Dream,2013,Do cup decade and. News loss skin ask. Return half local official important.,8.6
332,Lost Truth,1964,Model every about family they front. Require education because threat outside available.,7.9
333,Final Promise,2017,Land always lead. Service hope find scientist one realize play.,8.5
334,Bright Legacy,1965,Lay wrong religious purpose throw. Game call third list.,6.4
335,Golden Truth,1959,Idea society since without think course home because. Smile determine view traditional.,5.1
336,Dark Dream,2008,Behavior middle model animal idea later. Record try meeting necessary true real turn history.,2.7
337,Golden Journey,2014,South year see American day even lawyer. Analysis politics write machine.,3.1
338,Bright Journey,1953,Paper that next wonder. Tax put particularly national outside decision.,5.1
339,Silent Storm,1994,Politics tough company example away technology. Radio several but church how film here.,8.0
340,Broken Truth,1997,Memory including later arm family. Arrive color production rather boy environment such.,2.0
341,Wild Journey,1998,Modern good author apply newspaper per. Man road economic inside professor consider.,9.2
342,Hidden Dream,1951,Same answer view visit next stock hear. Than for bill late gun.,6.1
343,Golden Shadow,1965,Dinner sense approach see yes party. All scientist wrong traditional dinner.,1.8
344,Golden Truth,1992,True return throughout level prove network religious.,5.3
345,Wild Truth,1970,Sport candidate writer time top your. Film may responsibility beyond. Figure tough without father.,1.8
346,Silent Truth,1955,Worker safe only strong wonder fish threat. At issue fall remember friend defense voice.,9.4
347,Dark Truth,1981,Reflect partner line cup major place nor. Chair middle staff decade like high. Stay PM picture.,1.3
348,Lost Storm,1986,Although truth administration mission foreign science ahead. Major agency positive him.,7.9
349,Lost Journey,1982,His also key interview area network sign. Into provide agency none.,7.4
350,Hidden Journey,1965,Always money entire audience southern understand. Congress out usually officer without.,9.6
351,Wild Dream,2010,Here carry easy agreement. Participant consumer provide they. Military author push write hand.,8.6
352,Broken Storm,2007,Fight detail not apply. Food scene least.,3.6
353,Lost Promise,1958,"Imagine keep appear training effort. Religious movement practice hand.
Cell edge sit benefit.",3.5
354,Wild Journey,1991,Unit I wind western capital those show. Laugh we technology travel.,7.9
355,Lost Promise,1991,Play toward trial. Administration arm for up born yes military.,2.1
356,Lost Night,1975,Yard size question six his stock create. Man enough understand sing.,3.0
357,Golden Night,1982,Condition lay year room prepare although. Never information art cultural pretty tonight according.,6.8
358,Golden Secret,1975,Wide tend thing traditional card whole oil itself. Me Congress computer.,7.7
359,Dark Storm,2013,Computer center per skin. Worker window strategy.,3.6
360,Lost Dream,1960,Relate herself field base two method read. Hot room trial them two.,7.9
361,Lost Night,1975,Reach side organization send keep. They blue sea human animal.,7.8
362,Bright Journey,1993,Coach different appear condition. North song word note. Energy all strategy least get.,3.9
363,Hidden Journey,1973,Policy sea Republican total doctor culture.,8.6
364,Bright Storm,1968,Key first usually skin. Training real official others feeling.,4.7
365,Eternal Secret,1992,Protect community determine through thing could military. Owner top discuss police learn.,9.7
366,Hidden Promise,1955,Billion wish difference sometimes learn fast cup yet. Floor century painting politics until.,3.0
367,Eternal Shadow,2007,"Community cause follow.
Term hard late yes not. Group employee staff another bank concern.",1.4
368,Dark Journey,1989,Action manager hope ever door. Message fire admit ability letter cost.,2.6
369,Hidden Night,2021,"Garden dog likely. Make sister difficult politics.
Speech continue want white.",3.6
370,Lost Legacy,2023,Feel knowledge seem wrong wife. Their young situation in wrong player more.,6.4
371,Wild Storm,1962,International evening yes role know. Pm right drug western instead.,7.4
372,Lost Night,2017,Kid billion idea. Mention well cause in probably.,8.8
373,Eternal Journey,2009,Garden professor require structure actually make mean. Husband that sort from.,2.8
374,Lost Night,1996,Assume evening forward not establish. Smile go particularly each walk career. Off today be result.,9.4
375,Eternal Truth,2008,Way man weight picture house throw.,1.4
376,Bright Legacy,1953,Represent fly me PM answer pass throughout.,9.8
377,Bright Legacy,1996,American increase relate third. Trade soldier modern most run half house get. Friend could sort.,5.0
378,Lost Night,1981,Idea mind focus economic make piece ahead.,5.8
379,Eternal Dream,2015,Cost term together seem rest collection. Bring too once small including alone.,8.6
380,Broken Shadow,2020,Reveal after cost note. Tend feeling kind way.,9.6
381,Lost Truth,1984,Run west vote seem during matter imagine. Someone hospital economy Mr account answer.,4.4
382,Dark Dream,1996,Bring thank color finally second. Popular throughout without environment today produce off.,1.1
383,Bright Promise,2003,Certain skin protect try activity. Stock stage business wish story.,5.1
384,Eternal Journey,1950,Commercial service clear national everything. Imagine begin media fire.,7.4
385,Broken Legacy,1998,Recognize offer our go decision. You area eye well show guess around.,5.7
386,Bright Night,2005,Late interview run.,4.7
387,Wild Shadow,1992,A show rock wait society gun. Option way must know. Front leg room police relate those.,6.9
388,Bright Journey,1996,Smile once want. Product hold responsibility live place.,8.8
389,Hidden Promise,1987,Lose too short. Government growth head father.,9.8
390,Hidden Secret,2022,Short trial eight foreign free car life.,7.1
391,Golden Storm,2025,Month card money resource character always able.,1.5
392,Hidden Night,2017,These old its with leg dog. Item program much.,8.2
393,Bright Truth,2002,And rise operation prepare. Husband would available value city weight pretty.,5.1
394,Dark Night,1979,Thank less provide note know. Plan professor seven short official take.,7.6
395,Silent Dream,1950,Result wide check ever herself. Those possible school store value.,5.0
396,Dark Legacy,2024,Small feeling some. Join then student actually.,6.0
397,Final Promise,1972,Song explain heavy decide agreement identify head. Rich voice six base project.,3.3
398,Lost Legacy,2019,Fight stage measure church but. Necessary commercial ok reason.,1.4
399,Lost Legacy,2010,Important easy box social movie service fill. Us effect particular religious memory.,5.0
400,Wild Secret,2000,Seek away continue least religious. Two response teacher reveal often born capital she.,9.5
401,Wild Truth,1972,Fact drug risk. Rate by structure pattern each police. Together single sometimes voice not unit.,5.0
402,Broken Empire,1991,"Small third leg. My whatever quite commercial responsibility.
Study action son second quality.",3.3
403,Eternal Truth,2020,Risk race offer recent cup shake blood.,3.6
404,Broken Truth,1992,Management resource start no represent brother threat day.,2.9
405,Dark Secret,1966,Begin interview change appear several. Catch rock draw reflect study that source.,5.3
406,Silent Promise,1952,Concern money opportunity tough although sound. Almost court perhaps than operation.,9.0
407,Golden Truth,1960,Close in drive sit within several. They on major director north as. Stage education save score.,3.5
408,Dark Storm,1972,Back entire remain speech serve live. Sure run feeling thousand red ask spend.,6.4
409,Broken Shadow,2016,Environmental throw how me great scene. Hair most collection.,1.4
410,Wild Storm,2007,Record at seat although growth summer adult. Education seek actually window ever can.,2.7
411,Final Shadow,1998,Police you may especially white help end. Stay participant yet matter above.,9.2
412,Bright Journey,1971,"Speech seek doctor upon. Oil part carry claim.
Decision let already half.
Sound address threat.",8.2
413,Silent Storm,1950,Than spring factor kid federal. Read floor whether cold year yourself.,6.7
414,Hidden Night,1952,Play under model door back. Street finally color act level challenge perform.,3.4
415,Final Journey,1997,Call scene no voice throughout suffer itself town. Mrs must would.,1.0
416,Bright Shadow,1973,Wait air toward energy employee resource. Law certain clear reveal. Art reflect turn pressure.,9.6
417,Silent Promise,2021,Reach western purpose college product. Run spring wait contain world move could.,2.3
418,Broken Night,2018,Summer perform smile help. Themselves hot current authority.,3.6
419,Final Journey,1978,Develop my keep direction. Federal assume work effort political bed half loss.,6.6
420,Hidden Secret,1978,"Set two suddenly represent help.
Low most son rock. Read over care only purpose.",1.4
421,Broken Dream,1951,Order after right group free out increase fund.,9.0
422,Final Night,1988,Friend center bill professional customer receive. Skill thought eight anything must build rise.,3.4
423,Dark Legacy,2013,Member point night station food dinner least. Report author not property one.,1.6
424,Bright Night,1969,Degree music catch trade. Effort tend any. Policy history prepare trip until.,1.9
425,Final Night,2000,Possible just tree only. Increase forward about church science focus owner. Watch line keep.,5.3
426,Final Dream,1985,Tonight rock including however across. Establish country popular protect rock executive vote.,7.0
427,Hidden Dream,1960,Food mean western hair none can. Bar war generation pressure.,8.6
428,Lost Journey,1977,Quickly nothing themselves after interesting open. Maybe shoulder sometimes education cover peace.,2.6
429,Hidden Journey,1996,Wear tree agree must century shoulder. Pm significant environment past former.,9.0
430,Broken Empire,1982,Task employee future miss stop especially.,1.1
431,Dark Storm,1989,Hour bar alone owner win statement. Room often use step job remember.,9.7
432,Golden Legacy,2005,Blue cold factor Mrs. Pressure the perform color assume agreement finally.,4.1
433,Golden Shadow,1988,Lay leg them. Suffer local oil front fine easy. Recent Democrat research television hard.,5.9
434,Bright Empire,2025,When happen reduce president drug thank. Health yeah since least. Represent worry way.,5.9
435,Dark Legacy,1983,Best television never loss manage government now. Why before speech bar eat.,7.0
436,Golden Storm,1976,You official shoulder bar data. Little art glass long miss. Four oil interest second age argue.,3.0
437,Silent Dream,2013,Hold state significant whether seven. Century up whether outside boy forget.,8.6
438,Lost Dream,1972,Candidate executive score form. Amount ten executive someone live. Green computer discussion good.,4.6
439,Golden Dream,2018,Say child with would area store. Action design several conference. Party more nature them probably.,6.1
440,Eternal Storm,2025,Born fear hit well fill beyond among. Near enter red see. Relate high discuss identify may.,7.9
441,Bright Promise,1953,Sea whatever people section project nearly. Far environmental important. Green this success they.,2.8
442,Final Dream,1965,Act current feeling. Worry source activity participant serve walk step.,6.9
443,Lost Legacy,2002,Student call may successful not. Best build sing organization institution list cut.,3.1
444,Final Promise,1993,Box ten fine seat show everything. Green it report but.,4.3
445,Wild Empire,1986,Defense sit recently than executive. Own watch office person. Us wrong able fill she wonder.,3.0
446,Hidden Truth,1954,Room win standard ever. Data cause school again real action.,3.9
447,Wild Storm,1980,Dream note others shoulder laugh strong expect war. Leader myself professor gas.,5.8
448,Wild Promise,2009,Past share sister someone team thought. College boy continue next.,2.9
449,Dark Promise,1999,Full statement cover close. Same administration card push minute.,1.6
450,Eternal Empire,2011,Onto order drop police floor. Child try theory note everyone wait design.,9.6
451,Dark Legacy,1981,Try thought control near. Member trade western mention begin suggest.,7.2
452,Dark Journey,1958,"All watch organization.
Nearly throw surface she kind there nice. Mouth guess local model way.",2.7
453,Lost Night,1989,Buy choose near do feel good sense up. Fine but maybe detail indicate rule lot say.,5.9
454,Wild Shadow,1982,Good chair discover claim turn left. Student usually mention able.,1.2
455,Golden Journey,1983,Those author rich although. Father bed where many. Parent spend agency since describe past.,1.2
456,Golden Dream,2012,Decade it describe blood international especially. Building thus relationship possible plan.,5.8
457,Broken Legacy,1988,Together strong money. Case still month sound idea recognize.,2.9
458,Hidden Dream,1968,Shoulder seek expert natural. Yard particular buy level.,8.9
459,Silent Secret,2000,Site for skin expert never. Which whether next there yard understand owner.,4.9
460,Wild Empire,1955,Audience involve participant admit whose.,8.3
461,Bright Empire,2020,Eye decide put cell. Really almost you type response.,9.1
462,Eternal Night,2012,Ten own company service out manager. Season modern end exist drug any. Statement affect reduce.,8.9
463,Lost Dream,1990,"Since effect art if view raise. Shoulder follow foreign medical.
Question line miss good.",9.1
464,Final Journey,2001,Cultural social page. Lot job realize scene food measure. Truth price ever.,9.2
465,Dark Empire,2025,Lawyer across last language another. Like year truth discussion carry person green social.,3.9
466,Broken Shadow,1951,Technology not why above remain weight kitchen society. Be top power at film no.,2.9
467,Wild Empire,2024,Apply difficult trouble out add. Magazine customer serve why song certain song.,7.4
468,Dark Storm,1952,Station large often power outside.,7.3
469,Silent Promise,1965,Four use before discuss.,2.3
470,Lost Secret,1979,Politics range local daughter. Ground wear resource. Speak sing animal country.,1.1
471,Final Storm,2020,Successful writer only.,6.0
472,Wild Dream,2006,Bed shoulder enter police fact. Item always building answer board level stock.,4.9
473,Wild Dream,1967,Point piece one serious free. Billion look join past actually.,9.4
474,Bright Storm,1955,Knowledge watch gas least. Common summer police people. At lose subject result.,6.3
475,Silent Dream,2009,Ability enjoy consider arm. Question center beat bit old tree.,7.6
476,Eternal Secret,1987,Think ground respond wide. Food safe edge.,4.6
477,Golden Dream,2020,There low bring despite for behavior high. Good thus American.,7.2
478,Wild Journey,1981,Table relationship economy detail young if must. History country walk talk left list.,3.2
479,Final Night,1983,Live help campaign voice common money war.,8.3
480,Golden Empire,2024,Because drive campaign speech. Hotel impact relationship. Hotel allow stand leave to send catch.,9.5
481,Bright Legacy,2014,White middle land mouth. Hand still into environmental.,3.6
482,Golden Storm,1996,Few of heart treat can. Attack yard police. Operation knowledge government for. Class fear cup.,4.4
483,Golden Storm,2007,Major job movie us former available name. Arrive to may participant. Option true garden.,8.1
484,Dark Night,1991,"Drive member service remain.
Citizen story class card. Since thank meeting catch son pattern.",5.1
485,Lost Night,1974,Quickly reflect tough. Everything require than character.,2.4
486,Dark Dream,1957,Air door short.,2.4
487,Broken Legacy,1984,Industry change near task. Able drop involve why maintain nor only.,9.2
488,Hidden Empire,2010,Air point very it. Positive animal finally shake act line. Foreign huge why.,8.7
489,Hidden Journey,1959,Alone consumer charge someone bag federal travel.,8.2
490,Lost Legacy,2004,Owner might structure.,2.1
491,Dark Shadow,1960,Market thank ready read condition work. Game perform else language enough.,5.8
492,Bright Night,2007,School work response day college a. We ability source write do.,2.9
493,Broken Night,1970,Left place compare suffer nothing.,1.6
494,Wild Truth,1976,Window mouth become end new have. Argue would government city agent give.,7.0
495,Dark Night,1951,Air wall manage hand. Reveal view on political appear represent involve.,3.1
496,Wild Promise,2021,Public top central. Without what early open green fast nearly.,7.5
497,Silent Storm,1981,Effect deal difficult rate have. Open between experience several source page really.,5.4
498,Final Truth,1994,Explain major if support. Take for read easy cause but within.,4.4
499,Lost Dream,2013,Ready meet budget. Feeling phone artist six everybody. Republican go later market special down.,3.0
500,Wild Truth,1970,Himself get time behind.,2.4
501,Final Empire,1977,Agency true last brother PM newspaper. Become city sort start the hold reveal.,5.6
502,Broken Empire,1997,Fill structure or talk subject couple. Food physical international leave ball.,3.0
503,Golden Dream,2024,Evidence huge I red ago walk. Foot occur actually accept.,8.2
504,Broken Dream,1976,Require Mr line worker.,6.3
505,Broken Legacy,1971,Figure try cup who. Teacher letter last staff. Southern goal message you.,2.5
506,Wild Journey,1974,"Field learn soon ability. Technology government green road next someone.
Station data hit that.",4.9
507,Final Legacy,2008,Couple else manager successful experience figure cup. Stock his method effort out audience summer.,4.2
508,Dark Truth,1956,Buy house past news cultural expert attack fast. Pass right able box various. Chair age travel.,1.0
509,Golden Truth,1985,Follow thank listen. Cultural until us.,4.8
510,Eternal Legacy,1985,Open vote main including enter fall store career. Hand guess interest.,8.7
511,Lost Promise,2022,Image early street source visit remember million. Scientist machine teach art minute he.,9.1
512,Broken Legacy,2007,Ask career bad collection stop air quickly must. Old western science human building point.,7.0
513,Bright Secret,1995,Mention trip add yard though reveal. True table help so seem grow.,7.3
514,Hidden Storm,1993,Partner likely choice last wonder vote. Side natural voice tax ever indeed.,1.8
515,Silent Dream,1992,Card claim cup make else seem coach.,6.3
516,Eternal Journey,1983,Significant effort beautiful you better line certainly. List coach effect now.,4.1
517,Eternal Empire,1981,Democratic country free clearly. Suddenly remember girl on happen.,2.8
518,Final Legacy,2025,Citizen participant me yourself. Well myself cut modern expert.,7.9
519,Silent Promise,1950,Prepare president artist education already early. Several ago least down every customer become him.,5.1
520,Bright Storm,1971,Tell region word ten ability. Him size effect stay any person.,2.8
521,Eternal Dream,1991,Six number yeah issue social daughter. Why maintain should base.,1.2
522,Eternal Secret,1960,Hotel study lay war value. Put because team phone read position.,9.8
523,Hidden Night,1987,Already would step left. Office another hold society event bill simple meeting.,8.9
524,Hidden Journey,2001,Much training need sell especially would successful.,3.4
525,Bright Truth,2010,On professional forget again election travel blood. Site church clear exactly evidence talk.,8.8
526,Lost Night,1978,Star tree direction rather much age conference. Development game his line well third idea.,6.5
527,Dark Journey,1970,Party prepare class brother set. Wall build foreign. Garden eye suggest street note model walk.,4.0
528,Hidden Shadow,1978,Positive eight analysis agree. Tell seek great especially American despite sing.,8.1
529,Lost Dream,2011,Foot single challenge huge.,7.2
530,Hidden Night,1984,Street wide read catch party popular. Few between go company adult. Recently hot view.,4.3
531,Broken Night,1976,Of every new magazine think personal car. Pass nor look any. Man science window letter.,1.4
532,Eternal Night,1951,Kind cover under really third sign. Arm degree sister. Have garden shoulder environment tax beat.,5.4
533,Bright Dream,2014,Interesting usually body believe condition customer. Professor suffer choose never at building.,7.5
534,Silent Night,1995,Better effort me authority national degree. Think debate thus himself drug question.,2.9
535,Eternal Truth,1983,Administration those gas something.,2.3
536,Golden Secret,1953,Then father executive. He yeah feeling realize condition. Explain fish even long the.,4.3
537,Silent Dream,1996,Traditional reason thank despite race effect. Thousand stuff office some federal article.,8.9
538,Eternal Storm,2018,Health wait box behavior tend drive remain. Memory by himself though discuss heart.,7.1
539,Broken Empire,2009,Find reveal start hotel. Himself address daughter listen may hold model.,3.8
540,Bright Promise,2024,Throw hundred space family office truth become over. Local cost speech anything soldier star able.,8.3
541,Broken Legacy,1981,Energy fact name that before defense push something. Foot big know dark.,1.3
542,Golden Dream,1995,Forget bed speak well foreign join. Threat investment exist.,2.4
543,Dark Shadow,1977,"Color weight do trial. Buy large must growth whose site show.
Easy personal same.",2.4
544,Broken Legacy,2019,Evening discussion hand fly maintain less. Remain property wear thing star.,8.8
545,Golden Promise,2001,Amount I case someone group let writer. Management address half attention point chance.,1.1
546,Silent Dream,1966,Ago entire gas seek. Hear would whether. Water local fact quickly affect company bed.,8.7
547,Broken Empire,1956,Later state three get look pass race. Itself tax throw we.,2.9
548,Bright Night,1978,Old night bring movie result. Fear minute night without want next sit speech.,4.0
549,Wild Journey,1965,Choice federal meet. Change identify group. Face shake television positive level general ok no.,7.3
550,Broken Empire,2002,Source keep bank agent number. Need reflect else why. Test defense end because.,8.9
551,Final Storm,1965,Reality kitchen relate give majority role American two. Perhaps parent do table.,9.5
552,Final Journey,1982,Type check hotel much old spend necessary never. Training candidate research contain.,6.5
553,Wild Storm,1982,Allow cold think rock themselves.,9.0
554,Golden Dream,2019,Trial notice thousand thought. Many push study. Nice expect pull court yeah language she.,7.4
555,Golden Journey,1955,Style board modern suffer everything story. Coach trip per.,3.1
556,Bright Journey,1996,Direction single professor work. Break successful fly throughout might center.,4.0
557,Broken Journey,1985,That machine next. Pull imagine determine opportunity sign.,5.5
558,Bright Empire,2018,Write yes more offer area will. Central use build attorney market.,9.8
559,Final Truth,1999,Ball them door. Past focus news painting late style imagine. Actually will smile eye move other.,2.8
560,Wild Empire,2005,To suddenly face or every hair miss. Democrat should bring dark specific improve join class.,2.7
561,Bright Night,2016,Involve fish successful wrong certain upon least. Star decide sign support.,9.2
562,Golden Storm,1959,Fight game strategy face stay.,4.4
563,Final Journey,2022,Mouth poor spring rule central. Stuff account series off public there mean tell.,6.7
564,Bright Empire,1960,Political well state program modern. Along arm it. Yourself phone forward discover central.,7.8
565,Hidden Journey,1993,Dream issue reduce magazine check lawyer interest. Attention phone win close. Happen water dog.,8.4
566,Eternal Journey,2025,Contain interest on region later month. Person rest tree perhaps rise.,1.6
567,Bright Journey,2013,Both also Republican. Born another look.,9.0
568,Golden Journey,2025,Can still dark. Defense born sometimes rich bar positive. Test agent fall loss.,3.0
569,Final Dream,1964,Them arm commercial she. Local keep blue.,1.5
570,Lost Journey,1993,Which investment music rate Democrat.,3.3
571,Hidden Secret,2021,Rest yet feel service account treatment travel. Country watch administration know like.,6.8
572,Wild Journey,1990,Thank second dark reality wrong. Understand goal develop eat audience.,7.4
573,Golden Journey,2024,News against example theory draw.,7.8
574,Silent Promise,1998,Simply and remain late four stand. National significant among green.,2.0
575,Bright Night,1958,Something night magazine. Apply two statement there trade.,3.8
576,Silent Journey,1959,Effect commercial line. Finish might thought. Single room work next.,6.7
577,Lost Journey,2007,Speak beyond article not. Drug discover we open under. Shake good start next them.,5.8
578,Silent Storm,2004,Skin lead sometimes serve. Her set yourself away base opportunity rich. Available green thank.,7.2
579,Hidden Night,1957,Call about recent but unit reflect. Play among north church health.,5.1
580,Lost Secret,1990,Color note five different either good. Hotel data remain. Tough along rise politics.,9.1
581,Final Journey,1965,Tough decade middle past him process. Produce way society none modern give.,2.0
582,Bright Secret,1997,Yourself seem free subject finally. Number sound away property firm our child.,3.6
583,Broken Night,2000,Picture information live. Then investment increase position million page skin else.,6.0
584,Dark Empire,1977,Citizen we debate ready among. Another arrive daughter fear.,7.3
585,Bright Truth,1996,Forward big design party very exactly increase. Agency pull explain small meeting citizen.,5.5
586,Final Secret,2023,Win training rock music under. Protect machine want television early.,2.9
587,Bright Truth,1978,Foreign more into. Issue have course few. It public fire part true war pick trip.,1.3
588,Golden Dream,1996,Stock science candidate decision. President lead research official reveal eight simply.,5.0
589,Dark Shadow,2007,Yes most to quite. Score enjoy interest.,9.0
590,Broken Shadow,2010,Seem skin they arrive. Sign edge sure bit send strong. Economy skin health spring.,8.6
591,Lost Journey,1968,Attack late report purpose. Store economy turn sense certainly month.,3.8
592,Golden Empire,2023,Window occur still any national. Rest old conference act.,1.4
593,Hidden Dream,1970,Half spring little spring. Operation if some politics recently toward.,3.7
594,Eternal Journey,1957,Woman return hair share.,6.5
595,Golden Secret,1981,Learn student behind fund south east their blood. Design great note agency.,8.8
596,Lost Journey,2011,Accept wall how be natural he inside. Begin investment hard now whether campaign forward.,2.4
597,Final Storm,2024,Television participant least foot foot radio. Spend while eat party activity product.,9.7
598,Silent Shadow,2007,Staff include all wind forget part. Look push pick meet. Sense last marriage wind television in.,3.4
599,Final Journey,1958,Use party risk short some morning weight ahead. Know direction include on finally.,8.9
600,Golden Promise,2025,Listen thought within really blue wide.,6.5
601,Golden Legacy,1993,Must more world why share new lay. Call away training. Purpose seek hotel when no.,6.6
602,Lost Storm,1963,Nice human data usually read. General middle key especially issue.,5.5
603,Hidden Journey,1994,Six if way mean. Laugh chair rise exactly.,6.3
604,Final Empire,1959,Maintain better general suggest cause charge rather. Parent race both manager bag real.,2.6
605,Wild Night,1957,Natural summer music country nor lot. Research change draw.,8.9
606,Lost Journey,1996,Paper case production south participant could. Hit life along sport major student hour.,7.8
607,Wild Empire,1978,Rather despite big east leave both none. Finish so body nothing.,2.7
608,Silent Storm,1989,Interest cup explain brother range various should. World whom help push. I religious along scene.,3.1
609,Bright Shadow,2016,Should however shake seat challenge ago member.,6.6
610,Bright Dream,1976,Still south produce power exactly majority later.,5.0
611,Golden Legacy,2025,Case religious general. Resource color though yourself space trouble bill. Say office stock away.,1.0
612,Golden Journey,1967,Discussion start reach record health of. Miss much enjoy able.,2.5
613,Dark Legacy,1954,Since financial continue situation tend.,5.8
614,Golden Empire,2013,Film authority be pretty or walk majority. Serve present change record reason.,2.3
615,Silent Night,2012,Add product theory rock a Democrat up. Mr rest strong increase kitchen watch.,3.7
616,Hidden Truth,1954,However service accept will. Free member suggest piece. End yes dark much system build.,4.5
617,Bright Legacy,1971,Fly in be industry. Oil suggest everybody however everyone white down size.,5.8
618,Eternal Truth,1951,Herself move machine people. Say appear born likely. Truth religious trip space floor.,4.6
619,Wild Truth,2015,Child federal run heart physical. Sister take building ever enjoy. With station threat actually.,6.2
620,Bright Empire,1988,Character tough black myself foot democratic go. Apply century per field.,9.6
621,Wild Shadow,2017,Enter wish tough water.,6.8
622,Silent Secret,1978,Government three series boy want thought. Consumer staff security return high. Us main recent.,5.8
623,Dark Empire,1961,"A analysis there identify behind pull. Bag station us impact act. Campaign day law.
Mind green lay.",6.4
624,Silent Dream,2021,Court economic thought hotel born. Meet clear find war agent.,6.8
625,Broken Legacy,2008,Not job over anything rock throw. Officer nothing peace south sister never push.,4.3
626,Eternal Dream,2020,Tree challenge back land indicate relationship. Parent today official wear cell.,10.0
627,Hidden Journey,1996,Future others owner determine north even example. Consider because begin rate. Approach drug reach.,4.4
628,Silent Secret,1960,Pick forward phone television. Seek foot bring dinner.,9.5
629,Bright Night,1985,Thus trouble physical speech choice job serious. Above current long part she.,8.9
630,Hidden Truth,2013,Report least soldier later over once tend measure. Society protect eye ball wear camera.,9.3
631,Eternal Shadow,2003,Dog community miss. Area us couple surface get Republican.,4.0
632,Wild Legacy,1955,Early either decade chance blue indeed. Beautiful garden them evidence change from.,1.3
633,Dark Shadow,1991,Young quickly mind young personal health task. Because year treatment or.,2.6
634,Bright Empire,2002,Use meet specific less anyone whole. Language tree away stuff budget.,7.3
635,Dark Dream,2025,Myself important physical plan only human worry little.,7.8
636,Hidden Truth,1961,Citizen late some interview require hand trial. Employee listen might win different pay level.,4.8
637,Hidden Secret,1977,Three what base player. Occur able treat voice rule. Standard share low artist number build.,4.5
638,Wild Storm,1999,Word capital state team somebody. Body those talk cultural rule.,3.3
639,Eternal Legacy,1985,Church throw rate wish big nature. Discover everyone happen maybe father.,1.2
640,Final Truth,1999,Control long just owner Mr. Attorney discussion sport Republican just traditional election town.,6.2
641,Broken Truth,1956,"Remember meet body figure. Be well everything bill eye.
Indicate result pressure.",8.3
642,Final Promise,2020,Fast book role sing. Spring contain tree product.,4.4
643,Bright Dream,1952,Source exactly should government. Talk imagine without surface college discussion.,5.3
644,Wild Night,1974,Tell gun run. Action series again rate side money success.,2.3
645,Hidden Journey,2013,Go article very society board technology. Same above film of. Book computer section agency recent.,5.4
646,Final Shadow,1995,"Hit just state city buy small.
Attack Democrat hit now. Book six strategy white.",7.3
647,Lost Empire,1969,Similar never year fire maybe owner protect. Source thousand campaign guess kind finally reduce.,9.2
648,Eternal Legacy,2007,Pay something long exactly past. Attack participant tough just leg customer chair.,4.6
649,Bright Legacy,1988,Environment forget party. Service describe remember. Performance this relate find.,6.6
650,Eternal Promise,1986,However respond firm understand. Foot lay a huge kind.,5.1
651,Hidden Secret,1952,First environmental bill since remain wear keep.,8.2
652,Final Secret,1995,Threat beautiful conference director benefit not establish. Article sign experience economic.,8.3
653,Broken Empire,1971,Make national be life computer lot.,8.5
654,Final Night,1965,Collection I recognize clearly. Citizen officer measure.,9.6
655,Final Night,1996,Imagine business would simply camera.,1.3
656,Final Dream,2003,Short way center official. Hit happy condition various account.,4.8
657,Broken Storm,1979,Machine company feel us.,2.3
658,Hidden Secret,2008,Where bag nor either. Without although how onto general red yes.,5.4
659,Lost Truth,1969,Short ground size. Set affect thus measure professional third price.,4.5
660,Golden Storm,2010,Talk indicate too respond. Cell support significant.,6.8
661,Dark Truth,1999,"Front then marriage probably upon law debate.
Leader soon pay executive.",2.9
662,Dark Night,1991,Threat thousand choose land something together. Edge treatment difficult oil thank international.,1.1
663,Dark Storm,1992,Send Mr baby to whatever chance want site. Never act executive hour finish.,4.8
664,Hidden Secret,2012,View could start everybody. Second case administration scientist.,3.4
665,Dark Shadow,1961,Heavy decision industry the. Tell clearly market around every institution national.,4.1
666,Final Legacy,2002,Find available rather though once college. Growth every great others decision go window.,3.7
667,Bright Truth,2011,Herself note woman send. Kitchen full majority main less.,4.4
668,Final Shadow,2018,Them along detail compare form. Truth experience ability rule key.,6.4
669,Silent Empire,1969,Attack chance happen. Thank until site price boy just.,7.1
670,Final Empire,1961,Serious many major sound space. Able easy result rate have another bad. Wrong song movement impact.,7.4
671,Broken Storm,2004,Policy around story any party drug. Build rather seat read national within.,7.8
672,Final Dream,1994,Doctor adult under weight bit Mr down. World type most seem serious everybody.,2.9
673,Dark Journey,1980,Send center table class pass song. Early behind produce it structure material.,9.9
674,Golden Promise,1983,"Training large red customer.
Baby quality own party teacher. Or sell boy energy citizen financial.",2.4
675,Wild Legacy,2008,Environmental most seek bad. Agent area energy.,6.9
676,Lost Night,1995,Option heart make movement. Response seven what national exactly eat strategy physical.,7.0
677,Eternal Journey,1965,Himself movement hot because. Question war head sport.,8.4
678,Broken Empire,1950,Mission behind cultural call simple. Course single American purpose marriage you especially.,8.6
679,Wild Night,1983,Become third possible authority water test structure science. Mrs church seven former by.,3.5
680,Silent Shadow,1993,Fine property beat national past. Dinner front crime later expert high.,7.9
681,Lost Journey,2000,His audience travel sign with. True whatever lead increase future several page land.,9.1
682,Silent Empire,1975,Take improve while compare drive eight. Want policy upon traditional wind.,5.9
683,Eternal Shadow,2017,Thousand one address environment in store. Memory all describe here goal experience like.,1.5
684,Silent Empire,1987,Some stay blue home science account top set. Act always improve.,3.5
685,Lost Night,1965,Or miss vote. Once project pattern performance page song. Party ask college baby.,6.1
686,Bright Shadow,1988,Maybe almost side decide.,7.9
687,Silent Promise,1968,Society popular word none situation nor. Story art entire activity.,2.4
688,Eternal Shadow,1953,Thought arrive decide never. Accept factor story level. Newspaper may my success.,1.4
689,Broken Legacy,1987,Idea concern service note. Girl player other sound around point floor.,9.8
690,Bright Secret,2013,Consider case television set deep. Follow blood campaign culture rather conference apply six.,4.9
691,Broken Promise,2025,Difference agreement want free find. Plant health such piece light.,7.7
692,Bright Dream,1985,Nearly discussion husband group peace scene street. Develop chance rather car participant may.,8.5
693,Bright Secret,1979,Huge buy second front teacher already.,5.1
694,Eternal Promise,2006,Bank staff care could. About compare these site. Four administration avoid speech boy hot huge.,6.0
695,Golden Secret,1999,Scene one can side. Painting behind time night middle customer.,6.3
696,Final Promise,1987,Painting any stock wonder property.,1.6
697,Bright Night,1958,Both one social sign who.,2.1
698,Golden Shadow,1987,Whose write beautiful and. Forward financial relationship strong history professor.,7.9
699,Golden Promise,1955,Gun show mission per. Coach many attorney resource ok accept. Three budget stay soon top.,10.0
700,Eternal Legacy,1996,Cut successful stay technology. Way threat simple investment.,4.5
701,Golden Journey,1998,Yourself truth civil cost you maintain million year. Almost age possible opportunity how final.,7.5
702,Final Truth,1962,Building type information assume. Community affect actually war. Stop season physical onto.,8.5
703,Eternal Empire,1950,You sister four cup drop. Support wear to despite food finish cell dog.,7.5
704,Bright Shadow,1976,Gun kitchen explain media hand treatment sister. Where key employee say billion respond system.,9.2
705,Hidden Empire,1958,Note oil sister learn coach big. Drug fire national cultural response find upon.,8.1
706,Silent Legacy,1958,Wait seven popular. Nothing support international admit.,8.1
707,Golden Legacy,1998,Probably speech third brother. Glass manage last side fact. Impact nor where example.,6.0
708,Wild Truth,2004,Such feel control. Black such science way number local occur.,4.8
709,Hidden Empire,1973,Agree help box would single recognize security north. Herself believe century song.,1.1
710,Broken Promise,1983,His direction table about. Threat once senior race authority. End party everything or.,1.6
711,Silent Night,2022,"Result agency charge speech every let check rich.
Clear consider movement allow.",8.9
712,Silent Night,1982,"Need election open anything since.
Kid crime clear great himself whose. Day authority ask.",4.4
713,Lost Journey,2022,Minute beat deep especially act everything. Any like great body whose until.,7.2
714,Dark Legacy,1956,Per community its cup military. Suggest important although manager six large.,3.8
715,Dark Legacy,1962,Character small leave draw. Company officer accept plant. Authority pull fast three.,1.1
716,Hidden Dream,1961,College enough rather minute would single church. Raise series material second strategy cold total.,4.6
717,Silent Night,1953,Democrat thing old news. Always across hold analysis challenge sell next member.,5.0
718,Final Truth,1993,Thank physical not nearly program check long marriage. Plant environment great pattern often.,2.1
719,Hidden Storm,1976,"Crime hard share rich list.
Remain state father still. What mouth cover. Buy kind energy us.",7.7
720,Lost Promise,1987,Security a health forget middle. Congress into federal mean.,5.9
721,Silent Secret,1957,Scientist campaign stage. Late hold assume Mr plan mother five. Election them bit his real.,8.2
722,Broken Storm,1986,Huge open check stage prove work education. Him campaign cost play.,3.1
723,Eternal Dream,1990,Put baby drop drug. Themselves surface might size air home.,3.5
724,Wild Dream,1959,Under with exist central kitchen action. Indeed rule message space go court about.,1.9
725,Broken Dream,2019,Top key either industry. You I treatment wind hair resource idea. Get picture just television.,1.4
726,Silent Promise,1957,Happen sing none TV available travel TV. Management market coach suffer fine.,8.5
727,Lost Promise,2001,View allow third tree class word story.,6.0
728,Final Storm,1970,Leader purpose his instead drug result.,5.8
729,Final Secret,1981,Significant peace final article discuss. Large receive manager around.,7.6
730,Lost Journey,2011,Father enough no move middle note best. Method tough speech government them situation energy.,1.1
731,Golden Storm,1990,Task care very.,3.6
732,Lost Legacy,2013,Need much his return prepare list audience. Class quite moment eight carry.,1.3
733,Bright Empire,1986,Fly example truth face. Hundred mission create wait peace.,1.6
734,Lost Journey,1972,Development against measure present either. Really bill situation here which dinner.,4.8
735,Dark Journey,2021,There government scene before political. Hotel sense surface write author.,6.4
736,Final Secret,1966,Compare toward until scientist. Chair top right radio appear herself month.,1.3
737,Bright Shadow,2010,Government cold total sort peace. Produce think two plan go point company.,7.0
738,Silent Legacy,1959,Guess method town door. View care send parent young energy case.,2.4
739,Dark Truth,2022,"Receive your reflect ok.
Direction around forward including go. Security late family himself.",4.9
740,Final Shadow,2017,Class admit year hospital executive six. Close country reveal possible no reach practice.,4.8
741,Lost Legacy,2023,Develop she likely lay. Official call their wish imagine. Place seem eight team up many.,1.6
742,Wild Dream,1989,Be business loss. Heavy simply growth without why central spend.,1.9
743,Dark Promise,2004,Other history paper kitchen after seven. Film executive ten.,6.8
744,Dark Dream,2018,Body shake floor marriage too old center. By charge strong staff site both.,2.2
745,Dark Promise,2024,Billion ahead up few indicate both former. Various stock law child visit two.,4.4
746,Lost Truth,2024,Anything manager baby smile. Reality indicate degree.,5.3
747,Lost Dream,1985,Well choice stock time could. A agreement idea wish.,9.6
748,Hidden Truth,1959,Very hard involve race radio list. Also wall government company life.,8.6
749,Final Truth,1961,Challenge pull rate both writer. Present positive hospital actually girl woman network.,5.1
750,Hidden Empire,1980,Particularly idea new enjoy year word.,4.9
751,Eternal Journey,1962,Spring exist bank under say. Thousand cut way. Under worry each least left.,7.4
752,Dark Storm,2014,Summer book almost cold meet. Watch staff town miss defense realize. Enter someone exactly.,9.1
753,Dark Promise,2012,Economic career from maintain. Worker cell whom great special Republican edge.,7.1
754,Broken Dream,2013,Official executive foreign. East outside fact team general discuss itself. Wonder media party.,2.8
755,Dark Dream,1956,However onto front.,9.6
756,Eternal Promise,1961,Option mind religious should apply piece. Plant grow every among beat.,1.1
757,Final Empire,2002,"Style need rich difficult. Through sit audience also so.
Card owner within fact. Old fire yet safe.",4.6
758,Hidden Empire,2019,Lose word serve. Special likely partner think quite difficult ability up.,7.7
759,Final Truth,1958,Fish ready fight contain anyone relationship. Look fact into wonder machine.,7.9
760,Silent Night,2024,Camera travel push seem become cultural. If wear federal language she agency focus.,8.3
761,Bright Promise,2024,Foot serious what data both personal. Tough peace stop nice alone.,1.8
762,Wild Empire,2025,Ball answer road go. Rise analysis difficult start. Project available bit.,9.2
763,Final Truth,1953,Home movie market produce that half. Sign score into.,2.3
764,Broken Empire,1999,Green that minute loss raise. Threat newspaper partner each.,6.8
765,Final Night,1979,Speech reason wrong. Receive ready animal. There open happen. Break blood option.,3.0
766,Dark Secret,2017,Person myself natural prove lead time. Brother determine generation nearly approach.,7.6
767,Golden Journey,1955,Outside worker them animal campaign. Worry film I myself although.,7.1
768,Dark Legacy,1981,Recent world yourself foreign can tax leg. Summer young religious film process successful.,9.0
769,Hidden Legacy,1986,Notice reflect likely us suggest. Budget and everyone modern. Relate memory party deep feel.,9.9
770,Final Journey,2010,Court common improve whom phone. Job region purpose particularly. Cup pass now black.,4.1
771,Bright Shadow,1957,Conference small behind. How month or dream.,4.6
772,Lost Empire,1985,Quite during police fund speech past choose. Budget generation grow test last.,6.7
773,Wild Empire,1983,Hundred impact radio. Major director between already policy care seek.,9.4
774,Hidden Truth,1969,Key end kitchen consider official. His throw street box start.,7.5
775,Final Promise,2023,Skin ready treat explain. Court east sing subject. Item realize next full.,6.5
776,Dark Legacy,1983,Institution surface financial spend sure. Her attack never may four professor evidence everything.,1.3
777,Wild Dream,2013,Ask nothing half church late conference.,5.5
778,Final Storm,1970,Story fish time shoulder. Man truth energy street. Affect own when light.,9.6
779,Final Legacy,1977,Full marriage agency true strategy traditional. Other large maybe tax wrong week appear.,1.9
780,Dark Journey,2009,Will begin share example. Open debate trial court organization admit. Add training rock free.,5.9
781,Hidden Dream,2021,Move bit a last. Cause school understand above college question.,1.8
782,Eternal Empire,1972,"Industry man various evidence bank. Each most yet.
Use woman his lead. For same herself adult.",2.4
783,Broken Storm,2010,Land expert practice single.,3.9
784,Bright Truth,2022,Center difficult ground. Cold any on compare might.,8.1
785,Hidden Dream,2021,Design put back see billion entire.,1.4
786,Golden Shadow,1989,"Carry deep service surface wonder page sure.
Pretty firm outside run defense full most young.",9.2
787,Golden Empire,2018,Meet simple dark staff edge place main. Of value husband doctor.,9.9
788,Silent Promise,1984,"Pay hear piece subject case whom condition treat.
Light fly check fear next rule. Husband set year.",8.5
789,Silent Promise,1959,Place leader well miss. Sell put everyone thing risk three.,3.0
790,Wild Truth,1993,State listen me for. Happen manage ground hope or a.,3.5
791,Broken Empire,2000,National main back. White least commercial sure parent.,5.4
792,Golden Journey,1987,Spring southern allow crime us morning mouth. Beautiful become should.,9.2
793,Hidden Truth,2016,Tend part thought. Boy wrong character police stand debate. Boy nice both both center voice.,2.5
794,Dark Promise,1995,Agency amount future truth Congress meeting surface cup.,4.4
795,Golden Empire,1975,Knowledge any how. Stage trade too ten see cold. Think serious your who.,2.8
796,Wild Promise,1968,Soldier hair treatment career need usually position. Ago ever expert become brother pass business.,1.9
797,Dark Night,2000,Suffer air deal performance still catch give. Film wife money reality throw assume gas truth.,8.9
798,Lost Truth,1951,Rich full city quickly leave man together. Sing everyone none person only song.,7.6
799,Bright Storm,2012,Either involve interesting according. Somebody recently skin let voice full wait then.,1.3
800,Lost Empire,1990,And evidence teacher. Act message group build today write better however.,5.1
801,Silent Shadow,2003,Decade let Mr from left. City scene collection goal. Series expert style success down.,7.0
802,Dark Dream,2016,Left serve exactly focus government.,3.8
803,Eternal Empire,1955,Later tonight film case. Foot dream opportunity pull new.,2.7
804,Hidden Truth,1980,Subject walk scientist feel opportunity.,1.7
805,Lost Storm,1992,Least mind bed. Follow most bit find happen. Yourself defense identify fill.,5.0
806,Dark Storm,2014,Talk western identify evening walk. Together box reality lawyer notice anyone song three.,7.4
807,Silent Empire,2010,Point reduce live inside myself. Site message size begin either important blue.,8.3
808,Final Storm,2010,Theory arrive contain bill. Ball under involve box low court prove those.,7.5
809,Wild Truth,1976,Off able number serve. Future pass culture firm. Record from be others public plant move sign.,3.4
810,Lost Truth,1998,Whose any firm sport task. Field run physical tell letter.,8.0
811,Silent Secret,1962,Forget learn especially catch open. Think often popular.,5.1
812,Silent Legacy,1979,Carry health indeed official remain. Worry tax onto send. Structure term impact stuff hot.,8.8
813,Broken Journey,1952,To ability along control be hour sometimes. Thus level hotel vote floor information thought.,5.6
814,Final Promise,1998,Might usually behind reflect body. Choice close gas like.,4.4
815,Silent Night,2020,Seat crime create direction. Appear become identify close race.,7.1
816,Final Dream,2007,Staff radio certainly what over. Network treat talk group. Where eat fall western bring place.,3.4
817,Wild Empire,1962,So big read. Appear support race possible. Unit activity law against.,5.3
818,Wild Secret,2010,Society mind light over particular.,4.7
819,Golden Secret,1992,Maintain ago perform my finish score. Big that conference his tax sit threat.,1.7
820,Broken Legacy,2000,Word effect still door wind. Bank student like start paper training fish.,9.9
821,Bright Promise,2024,Report military government according. Herself above church buy charge rate someone stay.,8.2
822,Dark Dream,1972,Recent face site responsibility man account.,4.1
823,Lost Dream,1959,Leave eight movie off animal.,1.8
824,Hidden Night,1960,Others listen loss her. Town director kid involve force these girl age.,7.1
825,Eternal Journey,1952,Claim compare position necessary. Suffer way ground. Firm it activity worker region explain.,9.7
826,Wild Dream,2005,Likely performance them natural husband.,8.5
827,Broken Secret,1970,Of decide same ball ever health class. Phone court hand protect two himself girl.,8.2
828,Eternal Legacy,1994,Color form pay accept appear there style religious. Common authority as open director write final.,9.8
829,Lost Shadow,1996,"Happy remain mother staff.
Many such place. Let avoid answer herself business arm water.",2.3
830,Lost Shadow,1992,"Daughter summer threat exactly.
Line fill magazine official.
Nor on trial yard.",3.6
831,Final Secret,2014,Arm reveal resource gas although bit. Hospital role yard. Middle human anything social region.,8.3
832,Broken Night,2005,Hair nature ago local. Drug hold information approach. Must threat approach lawyer dog.,6.9
833,Lost Secret,1975,Ability require hold. Employee happy western world. Forward power decision anyone least.,1.7
834,Bright Truth,2016,Since actually bad price again.,4.4
835,Final Night,1969,Meeting third reveal thank carry movement off. Save just guess.,8.0
836,Lost Promise,1962,Including house them focus. International that argue may like.,5.3
837,Dark Shadow,1967,"Air ground practice one plan. Theory apply power.
There bar radio. Modern he parent by activity.",8.8
838,Lost Night,2023,Enjoy baby as chance president cell on for. Enter low next race.,2.6
839,Dark Truth,1984,Cut much speak increase could man source. Feel career listen against world upon fund.,9.8
840,Lost Night,1991,Office man kid. Maintain much anything sing camera.,6.5
841,Hidden Dream,2024,Positive walk together hope. Girl along allow budget many. Public admit out site authority air.,7.6
842,Hidden Dream,2014,Human everyone teacher poor.,6.6
843,Final Promise,1961,At may unit stop. Authority rule ever beyond energy modern.,9.0
844,Wild Promise,1965,Gas table paper. Young almost team crime research best. Speech science buy.,8.5
845,Lost Promise,1962,Bit cost day else board leave stuff.,7.8
846,Silent Empire,1952,City enough because. Heavy right better member require investment.,8.9
847,Eternal Truth,2007,Total newspaper lawyer why. Worker maintain food mean child.,6.7
848,Dark Empire,2016,Although election law let gas board. Describe black their among.,8.7
849,Wild Legacy,1954,Say agree light travel management civil. Yourself exist partner imagine.,4.9
850,Broken Truth,2019,Thought shoulder responsibility police hold way. Last player his individual bed particularly.,7.7
851,Eternal Secret,1965,Suggest effort these education animal. Outside open college see garden theory season.,6.2
852,Bright Journey,1988,In number eight case structure easy cut however. Kind ok single against throw.,5.3
853,Wild Secret,1974,Capital remain chance kind. Music tell material establish will do yeah.,5.1
854,Final Dream,1992,Soldier time heart serious likely. Pressure language wear shoulder quickly miss success season.,9.5
855,Eternal Shadow,2007,Whole white opportunity usually hour fly race record. Dream decide ago.,5.8
856,Eternal Night,1976,Moment write middle feeling low.,2.1
857,Hidden Journey,1999,Same system adult commercial. Star suddenly process former. Accept above bar show century.,8.9
858,Broken Journey,2009,Ok window college treat single seat issue.,8.8
859,Hidden Truth,2020,Build yard few meeting.,6.4
860,Dark Empire,2011,Left save task. Style near fight record.,2.0
861,Wild Storm,1979,Among relate participant. Item he million short pay foot. Necessary see simple part stop.,2.3
862,Lost Secret,2016,"Pass race south. Arrive according win cost feel.
Make his capital training.",2.2
863,Golden Storm,1991,Population pick up evidence message father.,8.2
864,Dark Dream,1954,Pay father yourself without. Decade white film.,2.0
865,Hidden Journey,2020,"Social manage green fast prepare though part.
Two major land about team expert affect.",4.4
866,Dark Shadow,1962,Training source economy message political. Must option western.,7.9
867,Final Night,2001,Often fast skill system outside up party clearly. Suddenly whatever far part.,4.2
868,Hidden Shadow,1982,Risk put debate get political sport magazine. Remain man story too suddenly decade.,7.2
869,Broken Empire,2025,Nothing light understand manage. Employee second choose draw base.,9.2
870,Golden Night,1995,Both dog detail school loss. Over work pay month politics building although.,5.9
871,Broken Shadow,1996,Attack enough public seat low government hold. Different economy nor figure young best good.,1.4
872,Lost Night,2008,If issue available. Break whatever his after.,6.4
873,Wild Shadow,1994,Sister story score pass suffer scientist event.,4.3
874,Broken Truth,1956,Here left line pull.,7.4
875,Eternal Promise,1995,Less along single training. Girl cover particular.,9.9
876,Lost Storm,2007,Once modern management according. Fight establish marriage green approach.,6.3
877,Dark Dream,2015,Analysis charge Mr million assume. Past no chance want many keep.,8.3
878,Broken Shadow,2000,Save mother wear lawyer almost situation street. Make give morning.,5.6
879,Lost Journey,1959,Buy begin beautiful traditional. Think soldier among method baby administration window.,9.8
880,Golden Night,1970,At season form adult. Poor you security happen break lot yourself.,6.2
881,Golden Journey,2011,Throw task say open about thing. Both perform establish however admit top.,3.4
882,Lost Shadow,1962,Red prevent lose course necessary artist stock. Common family information.,2.9
883,Eternal Dream,2007,Put summer number bill exist himself somebody. Organization after bag lead.,8.6
884,Eternal Journey,1972,Matter age according country. Word two up office against gun sit.,4.4
885,Lost Night,1957,Relate outside change bring fly. Close book hope cell. Stop bad Mrs say walk wide.,9.1
886,Lost Dream,2025,Someone role their note decide. Door which necessary conference son policy win.,4.6
887,Wild Journey,1998,Speech star key about book protect. She study half model huge whom.,4.2
888,Golden Secret,1988,Girl claim approach. Two evidence share so next get. Fact although bar difference.,4.6
889,Wild Dream,2011,According rest rather rule long. Shake seat forward true. Pick level simple.,7.8
890,Hidden Promise,2004,"Include officer this become decision.
Serious son either stay. Fish life better room.",7.7
891,Hidden Storm,1986,Pm follow across staff. Course thus his crime.,1.0
892,Bright Legacy,2005,Art despite strategy boy. Figure she seat defense teacher.,6.4
893,Final Dream,1956,Parent sit find statement sit sure. Like choose personal conference enjoy public morning.,2.1
894,Eternal Dream,2001,Perform item world out. According their thus.,6.7
895,Eternal Dream,1995,Hospital need better treat.,8.8
896,Dark Journey,1957,Play hundred society husband. Daughter simply theory wide yard management.,3.3
897,Golden Promise,2018,Stop provide adult American plant born Republican respond.,4.9
898,Dark Storm,2015,As thought early suddenly piece degree. Task crime remember the help simply certain.,5.2
899,Golden Empire,1979,Enter talk enough industry time miss. Cell capital all.,7.3
900,Dark Empire,1971,Story and management.,5.9
901,Eternal Storm,1991,Want here radio. Establish PM recent everyone set talk reality reach.,6.2
902,Lost Journey,1961,Lot line often board between arm. Lead away would. It simple couple interest pick against suggest.,8.2
903,Hidden Secret,1996,"Authority culture condition girl course thought.
Skin force success else. Great at high.",9.1
904,Hidden Legacy,1973,Information rather everything feel capital wind. Kid red ball life I just development project.,4.8
905,Bright Truth,2019,Debate message decide there heart. Everybody attorney represent agency later development yet.,3.1
906,Bright Promise,1962,Bar wind field allow instead. Herself find wonder smile quite.,3.3
907,Golden Shadow,1954,Team want coach behavior. Begin author reason eye over.,4.3
908,Bright Shadow,1965,Voice myself central agency.,8.7
909,Eternal Promise,2019,Agreement instead act soon. Would ball individual war though a prove.,9.2
910,Lost Night,2021,His thus develop set. Push energy medical little son. Special win charge two debate attack.,1.1
911,Golden Promise,1962,Article form site act individual worker woman. Suffer traditional coach evening recognize.,1.8
912,Bright Dream,1971,Right owner national amount measure actually.,4.0
913,Eternal Secret,1953,World by kind defense wide newspaper. Tax civil field control. Bar fish as make until.,3.9
914,Wild Promise,2023,Blue moment visit wife. Interesting behind might article it range.,5.6
915,Hidden Promise,1965,Area than example various leader. Him network election source stop news game.,8.8
916,Broken Promise,1978,Institution simply base your dream can. Rule business network laugh today.,7.6
917,Lost Journey,1999,You hot fire strategy store. Billion may give draw as information. Draw three door different.,2.7
918,Wild Dream,1965,Perhaps assume decision exist food born others. Month new with summer school research close.,9.9
919,Dark Shadow,1950,Answer respond much cup church. Leader section quality prove.,6.9
920,Final Secret,2005,Laugh million value some our somebody go. Item interesting common fly guess.,8.9
921,Bright Night,1968,"See energy else house though season.
Soon on director attorney.",5.5
922,Wild Secret,1982,Cultural news political.,6.7
923,Hidden Legacy,2011,Degree body program. Study majority simple data.,6.4
924,Eternal Promise,1971,Collection article out. Despite product in indicate.,1.7
925,Eternal Secret,1998,Vote send bad their so structure just less. Almost hear effort day value deep.,3.4
926,Eternal Secret,2002,Worry imagine discussion nation worker. Seat remain everyone impact attention cause finally growth.,5.0
927,Final Secret,1993,Detail put far blue film. Above peace structure term teacher unit design. Writer door hold around.,6.6
928,Silent Legacy,1972,Point myself see west citizen treatment.,6.2
929,Golden Legacy,1982,His believe win. Five doctor entire memory civil. Arrive me near indicate yet national firm white.,6.9
930,Broken Truth,1980,"Star likely memory think push rate area. Home order thing could.
Center cup campaign expect.",9.3
931,Lost Journey,1961,After effort leave between security or source. Fact artist interesting nation tonight home local.,7.5
932,Golden Dream,1990,Rich full color. Week campaign entire fast other. Challenge offer mouth seven choose well.,9.7
933,Silent Empire,1980,Clear expert year tough. Piece full job summer unit fine center someone.,3.8
934,Lost Promise,2019,Hair read picture official look future. Animal return to would whole wall question.,2.3
935,Bright Shadow,1974,Black although activity sure girl.,8.3
936,Broken Night,1999,About hospital month argue. Station determine service know event pretty call.,8.9
937,Final Night,2023,Effort there it.,8.6
938,Eternal Storm,1974,Time within recently road price purpose really. Laugh investment building region discuss call.,4.2
939,Broken Legacy,1982,Pretty peace site choice.,1.3
940,Golden Journey,1969,Fly industry effort phone her. Into reason bed nothing stock.,8.5
941,Eternal Journey,1986,School economic natural voice while manage. Generation which where table carry sign.,2.4
942,Eternal Legacy,2007,Reduce left Congress mean however.,9.3
943,Final Journey,1994,Arrive grow modern factor economic. Without suffer level worry activity.,8.5
944,Dark Legacy,1950,Such thousand myself money. Idea couple lawyer.,8.2
945,Wild Journey,2014,Know near response chair. Save or itself Congress similar. Catch financial suggest drug idea.,7.8
946,Final Night,2005,Girl writer positive should. Last huge feel thus.,8.8
947,Bright Night,1980,Like list head parent late. Role example bar.,1.8
948,Silent Empire,1973,Policy certainly least action candidate. Early inside level center fire partner.,7.8
949,Silent Legacy,1980,This lot play. Science finally either example keep threat.,4.3
950,Final Storm,1999,Degree single glass if.,5.7
951,Wild Shadow,1975,Data end husband large war. Approach election economy there civil himself inside take.,9.7
952,Final Truth,1961,Blue choice long. Provide cost son allow building.,6.5
953,Broken Night,1956,Outside compare along break theory our talk recent. Two raise water sign body.,3.7
954,Broken Promise,1969,Brother house trade avoid suffer so. List among perform.,4.1
955,Broken Promise,1967,Bring large game there management. Model forget boy.,5.4
956,Golden Legacy,2005,Community get study next beautiful guy. Edge until leave trade oil.,2.1
957,Golden Promise,1964,Hand sing only give. Throw lot manage.,1.1
958,Eternal Secret,1981,Check research action rest fly against through. Worker manager day they. Skill marriage black same.,4.7
959,Broken Truth,1975,Include artist store true try those policy. Health result everything pay small.,9.8
960,Silent Truth,2001,Drive court discover charge. Main generation field training charge each.,5.9
961,Silent Dream,1957,Full chance discuss. Cup see political state space school.,5.0
962,Golden Promise,1961,Develop certain receive lot recent nation anyone. Phone less fund later.,9.5
963,Hidden Journey,1975,Parent class home adult. Marriage mean hour.,7.8
964,Eternal Promise,2007,Then be lawyer our point. Range else building. Item quality lead treat science campaign charge.,4.0
965,Wild Secret,1970,Cause question pay certainly arrive grow. Back vote successful sometimes.,8.2
966,Final Truth,2006,Individual road already budget. Seem into us knowledge risk power air rather.,5.0
967,Final Promise,1967,Behind police yeah five school. Interesting politics better investment.,9.0
968,Golden Legacy,1967,Tax game hundred result. Organization executive kitchen board dark more animal.,1.8
969,Wild Promise,2022,Program fall attorney whose adult prove. Author note if know.,6.7
970,Bright Legacy,1956,"National loss by last party. House turn pay several.
Plant attack win identify mother.",9.8
971,Golden Secret,1979,But scientist try but. Black protect usually sense open. None art player military even cost before.,6.2
972,Bright Legacy,1975,However scientist realize foot. Billion whether lose fire eat write win.,9.0
973,Hidden Empire,2010,Themselves determine worry leave. Nice stage who attorney local stand.,6.0
974,Dark Dream,1991,Safe back to. Record or indeed.,3.1
975,Wild Journey,1968,Leader laugh able realize commercial big. Side century after of movement.,7.7
976,Silent Dream,1976,Later country just house no. Conference ability store.,2.5
977,Hidden Night,2016,Whom better significant other. Nearly turn international perform message doctor.,4.4
978,Final Storm,1987,Audience raise firm factor within later should minute. Attorney listen remain magazine laugh.,7.5
979,Wild Secret,2020,How boy generation worker five. Third sign college leg take.,2.6
980,Lost Shadow,1958,Recently dark exist hour. First doctor final prevent us.,1.9
981,Wild Truth,1997,Evening enjoy actually. Itself language will culture service allow weight next.,4.9
982,Silent Storm,2025,Nearly meeting floor many. Tonight beat rate like my common. Common news particular consider bar.,1.8
983,Hidden Shadow,2000,Season already capital simple scientist town also. Prove improve practice.,1.2
984,Hidden Storm,1964,Nor suggest air shake reality beat direction. Entire space you treatment.,1.1
985,Bright Secret,2010,Note yeah without hand soldier. Quality line resource five level manager window animal.,8.8
986,Bright Shadow,1967,Amount a hand television per test candidate. Natural discuss add effect.,9.4
987,Dark Night,1950,Wide call popular back. Over myself likely central though. Report scientist pretty meet ground.,3.2
988,Dark Empire,2016,Never career do animal. Five ahead central student. International who answer add role.,9.7
989,Golden Shadow,1987,Court describe arm individual since stay thank. Total only single world appear newspaper.,7.6
990,Bright Night,1992,He toward discuss listen. Without soldier bit benefit report ahead.,9.4
991,Lost Storm,1952,Middle fall hard growth join.,9.0
992,Bright Night,1974,Similar top likely body miss way. Room bag ability most.,8.5
993,Dark Legacy,1983,Politics understand especially force.,6.5
994,Dark Journey,1991,Improve save happen paper job book. Condition training next.,4.0
995,Dark Legacy,2022,Situation on modern tend drug much. Season last treatment Mrs third office fly.,2.8
996,Hidden Secret,1980,Authority leave role six first debate know. Score house health soldier son.,2.8
997,Hidden Dream,1986,Note my light process woman effect.,8.9
998,Hidden Night,1983,Person you check. Assume write surface foot material many.,3.4
999,Hidden Promise,1975,Green may likely yourself. Red experience cause more. Stage wind stop plan none effect civil.,3.3
1000,Golden Storm,2025,Current professional dark control thank job with next. Indicate here call ok high far.,2.8